Read_file,total_tn_reads,cointegrates,genomic_insertions,pl_single,pl_mult,insufficient,unknown,Sample Description,Uninterrupted insertion site reads,Normal site reads,Approx. Efficiency %,On-target %,multi_cointegrate_ct
SLMS_95,172,159,5,2,2,1,3,ShoINT T252 BW Rep 1,129,103,-0.2524271844660194,0.9634146341463414,7
SLMS_96,157,145,6,0,2,2,2,ShoINT T252 BW Rep 2,102,120,0.15,0.9403973509933775,6
SLMS_97,216,189,9,5,6,2,5,ShoINT T252 BW Rep 3,138,166,0.1686746987951807,0.9494949494949495,3
SLMS_98,120,113,3,0,0,4,0,ShoINT T252 recA Rep 1,107,90,-0.18888888888888888,0.9741379310344828,0
SLMS_99,90,83,3,0,0,3,1,ShoINT T252 recA Rep 2,83,97,0.14432989690721648,0.9767441860465116,0
SLMS_100,107,101,3,0,2,0,1,ShoINT T252 recA Rep 3,86,85,-0.011764705882352941,0.9807692307692307,0
